<?xml version="1.0" encoding="UTF-8"?>
<EmailTemplate xmlns="http://soap.sforce.com/2006/04/metadata">
    <available>true</available>
    <description>*** DO NOT DELETE THIS COMPONENT -- IT CANNOT BE UNDELETED ****</description>
    <encodingKey>ISO-8859-1</encodingKey>
    <letterhead>Conga_Email_Letterhead</letterhead>
    <name>Conga Email Staging Template</name>
    <style>freeForm</style>
    <subject>{!Conga_Email_Staging__c.Subject__c}</subject>
    <textOnly>{!Conga_Email_Staging__c.TextBody__c}</textOnly>
    <type>html</type>
    <uiType>Aloha</uiType>
</EmailTemplate>
